Alpine Skiing: Downhill Men	Antoine Dénériaz	FRA	01:48.8	GOLD
Alpine Skiing: Downhill Men	Michael Walchhofer	AUT	01:49.5	SILVER
Alpine Skiing: Downhill Men	Bruno Kernen	SUI	01:49.8	BRONZE
Alpine Skiing: Slalom Men	Benjamin Raich	AUT	01:43.1	GOLD
Alpine Skiing: Slalom Men	Reinfried Herbst	AUT	01:44.0	SILVER
Alpine Skiing: Slalom Men	Rainer Schönfelder	AUT	01:44.2	BRONZE
Alpine Skiing: Giant Slalom Men	Benjamin Raich	AUT	02:35.0	GOLD
Alpine Skiing: Giant Slalom Men	Joël Chenal	FRA	02:35.1	SILVER
Alpine Skiing: Giant Slalom Men	Hermann Maier	AUT	02:35.2	BRONZE
Alpine Skiing: Super Giant Slalom Men	Kjetil André Aamodt	NOR	01:30.6	GOLD
Alpine Skiing: Super Giant Slalom Men	Hermann Maier	AUT	01:30.8	SILVER
Alpine Skiing: Super Giant Slalom Men	Ambrosi Hoffmann	SUI	01:31.0	BRONZE
Alpine Skiing: Alpine Combined Men	Ted Ligety	USA	03:09.3	GOLD
Alpine Skiing: Alpine Combined Men	Ivica Kostelic	CRO	03:09.9	SILVER
Alpine Skiing: Alpine Combined Men	Rainer Schönfelder	AUT	03:10.7	BRONZE
Alpine Skiing: Moguls Men	Dale Begg-Smith	AUS	26.77	GOLD
Alpine Skiing: Moguls Men	Mikko Ronkainen	FIN	26.62	SILVER
Alpine Skiing: Moguls Men	Toby Dawson	USA	26.3	BRONZE
Alpine Skiing: Freestyle Ski Jump (Aerials) Men	Han Xiaopeng	CHN	250.77	GOLD
Alpine Skiing: Freestyle Ski Jump (Aerials) Men	Dmitri Dashchinsky	BLR	248.68	SILVER
Alpine Skiing: Freestyle Ski Jump (Aerials) Men	Vladimir Lebedev	RUS	246.76	BRONZE
Alpine Skiing: Downhill Women	Michaela Dorfmeister	AUT	01:56.5	GOLD
Alpine Skiing: Downhill Women	Martina Schild	SUI	01:56.9	SILVER
Alpine Skiing: Downhill Women	Anja Pärson	SWE	01:57.1	BRONZE
Alpine Skiing: Slalom Women	Anja Pärson	SWE	01:29.0	GOLD
Alpine Skiing: Slalom Women	Nicole Hosp	AUT	01:29.3	SILVER
Alpine Skiing: Slalom Women	Marlies Schild	AUT	01:29.8	BRONZE
Alpine Skiing: Giant Slalom Women	Julia Mancuso	USA	02:09.2	GOLD
Alpine Skiing: Giant Slalom Women	Tanja Poutiainen	FIN	02:09.9	SILVER
Alpine Skiing: Giant Slalom Women	Anna Ottosson	SWE	02:10.3	BRONZE
Alpine Skiing: Super Giant Slalom Women	Michaela Dorfmeister	AUT	01:32.5	GOLD
Alpine Skiing: Super Giant Slalom Women	Janica Kostelic	CRO	01:32.7	SILVER
Alpine Skiing: Super Giant Slalom Women	Alexandra Meißnitzer	AUT	01:33.1	BRONZE
Alpine Skiing: Alpine Combined Women	Janica Kostelic	CRO	0:02:51	GOLD
Alpine Skiing: Alpine Combined Women	Marlies Schild	AUT	02:51.6	SILVER
Alpine Skiing: Alpine Combined Women	Anja Pärson	SWE	02:51.6	BRONZE
Alpine Skiing: Moguls Women	Jennifer Heil	CAN	26.5	GOLD
Alpine Skiing: Moguls Women	Kari Trå	NOR	25.65	SILVER
Alpine Skiing: Moguls Women	Sandra Laoura	FRA	25.37	BRONZE
Alpine Skiing: Freestyle Ski Jump (Aerials) Women	Evelyne Leu	SUI	202.55	GOLD
Alpine Skiing: Freestyle Ski Jump (Aerials) Women	Nina Li	CHN	197.39	SILVER
Alpine Skiing: Freestyle Ski Jump (Aerials) Women	Alisa Camplin	AUS	191.39	BRONZE
Alpine Skiing: Snowboard Giant Slalom Men	Philipp Schoch	SUI		GOLD
Alpine Skiing: Snowboard Giant Slalom Men	Simon Schoch	SUI		SILVER
Alpine Skiing: Snowboard Giant Slalom Men	Siegfried Grabner	AUT		BRONZE
Alpine Skiing: Snowboard Giant Slalom Women	Daniela Meuli	SUI		GOLD
Alpine Skiing: Snowboard Giant Slalom Women	Amelie Kober	GER		SILVER
Alpine Skiing: Snowboard Giant Slalom Women	Rosey Fletcher	USA		BRONZE
Alpine Skiing: Snowboard Halfpipe Men	Shaun White	USA	46.8	GOLD
Alpine Skiing: Snowboard Halfpipe Men	Danny Kass	USA	44	SILVER
Alpine Skiing: Snowboard Halfpipe Men	Markku Koski	FIN	41.5	BRONZE
Alpine Skiing: Snowboard Halfpipe Women	Hannah Teter	USA	46.4	GOLD
Alpine Skiing: Snowboard Halfpipe Women	Gretchen Bleiler	USA	43.4	SILVER
Alpine Skiing: Snowboard Halfpipe Women	Kjersti Buaas	NOR	42	BRONZE
Alpine Skiing: Snowboard Cross Men	Seth Wescott	USA		GOLD
Alpine Skiing: Snowboard Cross Men	Radoslav Zidek	SVK		SILVER
Alpine Skiing: Snowboard Cross Men	Paul-Henri Delerue	FRA		BRONZE
Alpine Skiing: Snowboard Cross Women	Tanja Frieden	SUI		GOLD
Alpine Skiing: Snowboard Cross Women	Lindsey Jacobellis	USA		SILVER
Alpine Skiing: Snowboard Cross Women	Dominique Maltais	CAN		BRONZE
Biathlon: 10km Sprint Men	Sven Fischer	GER	26:11.6	GOLD
Biathlon: 10km Sprint Men	Halvard Hanevold	NOR	26:19.8	SILVER
Biathlon: 10km Sprint Men	Frode Andresen	NOR	26:31.3	BRONZE
Biathlon: 20km Individual Men	Michael Greis	GER	54:23.0	GOLD
Biathlon: 20km Individual Men	Ole Einar Bjørndalen	NOR	54:39.0	SILVER
Biathlon: 20km Individual Men	Halvard Hanevold	NOR	55:31.9	BRONZE
Biathlon: 4x7.5km Relay Men	Michael Greis	GER	21:52.0	GOLD
Biathlon: 4x7.5km Relay Men	Sven Fischer	GER	21:52.0	GOLD
Biathlon: 4x7.5km Relay Men	Michael Rösch	GER	21:52.0	GOLD
Biathlon: 4x7.5km Relay Men	Ricco Groß	GER	21:52.0	GOLD
Biathlon: 4x7.5km Relay Men	Pavel Rostovtsev	RUS	22:12.4	SILVER
Biathlon: 4x7.5km Relay Men	Ivan Tcherezov	RUS	22:12.4	SILVER
Biathlon: 4x7.5km Relay Men	Nikolay Kruglov	RUS	22:12.4	SILVER
Biathlon: 4x7.5km Relay Men	Sergey Chepikov	RUS	22:12.4	SILVER
Biathlon: 4x7.5km Relay Men	Vincent Defrasne	FRA	22:35.1	BRONZE
Biathlon: 4x7.5km Relay Men	Ferreol Cannard	FRA	22:35.1	BRONZE
Biathlon: 4x7.5km Relay Men	Raphael Poiree	FRA	22:35.1	BRONZE
Biathlon: 4x7.5km Relay Men	Julien Robert	FRA	22:35.1	BRONZE
Biathlon: 12.5km Pursuit Men	Vincent Defrasne	FRA	35:20.2	GOLD
Biathlon: 12.5km Pursuit Men	Ole Einar Bjørndalen	NOR	35:22.9	SILVER
Biathlon: 12.5km Pursuit Men	Sven Fischer	GER	35:35.8	BRONZE
Biathlon: 15km Mass Start Men	Michael Greis	GER	47:20.0	GOLD
Biathlon: 15km Mass Start Men	Tomasz Sikora	POL	47:26.3	SILVER
Biathlon: 15km Mass Start Men	Ole Einar Bjørndalen	NOR	47:32.3	BRONZE
Biathlon: 7.5km Sprint Women	Florence Baverel-Robert	FRA	22:31.4	GOLD
Biathlon: 7.5km Sprint Women	Anna Carin Olofsson	SWE	22:33.8	SILVER
Biathlon: 7.5km Sprint Women	Lilia Efremova	UKR	22:38.0	BRONZE
Biathlon: 15km Individual Women	Svetlana Ishmouratova	RUS	49:24.1	GOLD
Biathlon: 15km Individual Women	Martina Glagow	GER	50:34.9	SILVER
Biathlon: 15km Individual Women	Albina Akhatova	RUS	50:55.0	BRONZE
Biathlon: 4x6km Relay Women	Anna Bogaliy-Titovets	RUS	16:12.5	GOLD
Biathlon: 4x6km Relay Women	Albina Akhatova	RUS	16:12.5	GOLD
Biathlon: 4x6km Relay Women	Svetlana Ishmouratova	RUS	16:12.5	GOLD
Biathlon: 4x6km Relay Women	Olga Zaitseva	RUS	16:12.5	GOLD
Biathlon: 4x6km Relay Women	Kati Wilhelm	GER	17:03.2	SILVER
Biathlon: 4x6km Relay Women	Andrea Henkel	GER	17:03.2	SILVER
Biathlon: 4x6km Relay Women	Martina Glagow	GER	17:03.2	SILVER
Biathlon: 4x6km Relay Women	Katrin Apel	GER	17:03.2	SILVER
Biathlon: 4x6km Relay Women	Sandrine Bailly	FRA		BRONZE
Biathlon: 4x6km Relay Women	Florence Baverel-Robert	FRA		BRONZE
Biathlon: 4x6km Relay Women	Sylvie Becaert	FRA		BRONZE
Biathlon: 4x6km Relay Women	Delphyne Peretto	FRA	18:38.7	BRONZE
Biathlon: 10km Pursuit Women	Kati Wilhelm	GER	36:43.6	GOLD
Biathlon: 10km Pursuit Women	Martina Glagow	GER	37:57.2	SILVER
Biathlon: 10km Pursuit Women	Albina Akhatova	RUS	38:05.0	BRONZE
Biathlon: 12.5km Mass Start Women	Anna Carin Olofsson	SWE	40:36.5	GOLD
Biathlon: 12.5km Mass Start Women	Kati Wilhelm	GER	40:55.3	SILVER
Biathlon: 12.5km Mass Start Women	Uschi Disl	GER	41:18.4	BRONZE
Bobsleigh: Four-Man Bobsled	Rene Hoppe	GER	03:40.4	GOLD
Bobsleigh: Four-Man Bobsled	Kevin Kuske	GER	03:40.4	GOLD
Bobsleigh: Four-Man Bobsled	Andre Lange	GER	03:40.4	GOLD
Bobsleigh: Four-Man Bobsled	Martin Putze	GER	03:40.4	GOLD
Bobsleigh: Four-Man Bobsled	Filipp Egorov	RUS	03:40.5	SILVER
Bobsleigh: Four-Man Bobsled	Alexei Seliverstov	RUS	03:40.5	SILVER
Bobsleigh: Four-Man Bobsled	Alexey Voevoda	RUS	03:40.5	SILVER
Bobsleigh: Four-Man Bobsled	Alexandre Zoubkov	RUS	03:40.5	SILVER
Bobsleigh: Four-Man Bobsled	Martin Annen	SUI	03:40.8	BRONZE
Bobsleigh: Four-Man Bobsled	Cedric Grand	SUI	03:40.8	BRONZE
Bobsleigh: Four-Man Bobsled	Beat Hefti	SUI	03:40.8	BRONZE
Bobsleigh: Four-Man Bobsled	Thomas Lamparter	SUI	03:40.8	BRONZE
Bobsleigh: 2-Man Bobsled	Andre Lange	GER	03:43.4	GOLD
Bobsleigh: 2-Man Bobsled	Kevin Kuske	GER	03:43.4	GOLD
Bobsleigh: 2-Man Bobsled	Pierre Fritz Lueders	CAN	03:43.6	SILVER
Bobsleigh: 2-Man Bobsled	Lascelles Brown	CAN	03:43.6	SILVER
Bobsleigh: 2-Man Bobsled	Martin Annen	SUI	03:43.7	BRONZE
Bobsleigh: 2-Man Bobsled	Beat Hefti	SUI	03:43.7	BRONZE
Bobsleigh: 2-Woman Bobsled	Sandra Prokoff	GER	03:50.0	GOLD
Bobsleigh: 2-Woman Bobsled	Anja Schneiderheinze-Stockel	GER	03:50.0	GOLD
Bobsleigh: 2-Woman Bobsled	Shauna Rohbock	USA	03:50.7	SILVER
Bobsleigh: 2-Woman Bobsled	Valerie Fleming	USA	03:50.7	SILVER
Bobsleigh: 2-Woman Bobsled	Jennifer Isacco	ITA	03:51.0	BRONZE
Bobsleigh: 2-Woman Bobsled	Gerda Weissensteiner	ITA	03:51.0	BRONZE
Curling: Curling Men	Mike Adam	CAN		GOLD
Curling: Curling Men	Brad Gushue	CAN		GOLD
Curling: Curling Men	Russ Howard	CAN		GOLD
Curling: Curling Men	Jamie Korab	CAN		GOLD
Curling: Curling Men	Mark Nichols	CAN		GOLD
Curling: Curling Men	Teemu Salo	FIN		SILVER
Curling: Curling Men	Jani Sullanmaa	FIN		SILVER
Curling: Curling Men	Markku Uusipaavalniemi	FIN		SILVER
Curling: Curling Men	Kalle Kiiskinen	FIN		SILVER
Curling: Curling Men	Wille Mäkelä	FIN		SILVER
Curling: Curling Men	Scott Baird	USA		BRONZE
Curling: Curling Men	Pete Fenson	USA		BRONZE
Curling: Curling Men	John Shuster	USA		BRONZE
Curling: Curling Men	Joe Polo	USA		BRONZE
Curling: Curling Men	Shawn Rojeski	USA		BRONZE
Curling: Curling Women	Anette Norberg	SWE		GOLD
Curling: Curling Women	Anna Svärd	SWE		GOLD
Curling: Curling Women	Ulrika Bergman	SWE		GOLD
Curling: Curling Women	Cathrine Lindahl	SWE		GOLD
Curling: Curling Women	Eva Lund	SWE		GOLD
Curling: Curling Women	Michele Moser	SUI		SILVER
Curling: Curling Women	Manuela Kormann	SUI		SILVER
Curling: Curling Women	Binia Feltscher-Beeli	SUI		SILVER
Curling: Curling Women	Mirjam Ott	SUI		SILVER
Curling: Curling Women	Valeria Spälty	SUI		SILVER
Curling: Curling Women	Amy Nixon	CAN		BRONZE
Curling: Curling Women	Glenys Bakker	CAN		BRONZE
Curling: Curling Women	Sandra Jenkins	CAN		BRONZE
Curling: Curling Women	Christine Keshen	CAN		BRONZE
Curling: Curling Women	Shannon Kleibrink	CAN		BRONZE
Figure Skating: Men	Evgeni Plushenko	RUS	258.33	GOLD
Figure Skating: Men	Stéphane Lambiel	SUI	231.21	SILVER
Figure Skating: Men	Jeffrey Buttle	CAN	227.59	BRONZE
Figure Skating: Women	Shizuka Arakawa	JPN	191.34	GOLD
Figure Skating: Women	Sasha Cohen	USA	183.36	SILVER
Figure Skating: Women	Irina Slutskaya	RUS	181.44	BRONZE
Figure Skating: Pairs	Tatiana Totmianina	RUS	204.48	GOLD
Figure Skating: Pairs	Maxim Marinin	RUS	204.48	GOLD
Figure Skating: Pairs	Zhang Dan	CHN	189.73	SILVER
Figure Skating: Pairs	Zhang Hao	CHN	189.73	SILVER
Figure Skating: Pairs	Xue Shen	CHN	186.91	BRONZE
Figure Skating: Pairs	Hongbo Zhao	CHN	186.91	BRONZE
Figure Skating: Ice Dancing	Tatiana Navka	RUS	200.64	GOLD
Figure Skating: Ice Dancing	Roman Kostomarov	RUS	200.64	GOLD
Figure Skating: Ice Dancing	Tanith Belbin	USA	196.06	SILVER
Figure Skating: Ice Dancing	Benjamin Agosto	USA	196.06	SILVER
Figure Skating: Ice Dancing	Ruslan Goncharov	UKR	195.85	BRONZE
Figure Skating: Ice Dancing	Elena Grushina	UKR	195.85	BRONZE
Ice Hockey: Ice Hockey Men	Daniel Alfredsson	SWE		GOLD
Ice Hockey: Ice Hockey Men	Per Johan Axelsson	SWE		GOLD
Ice Hockey: Ice Hockey Men	Christian Bäckman	SWE		GOLD
Ice Hockey: Ice Hockey Men	Peter Forsberg	SWE		GOLD
Ice Hockey: Ice Hockey Men	Mika Hannula	SWE		GOLD
Ice Hockey: Ice Hockey Men	Niclas Hävelid	SWE		GOLD
Ice Hockey: Ice Hockey Men	Tomas Holmström	SWE		GOLD
Ice Hockey: Ice Hockey Men	Jörgen Jönsson	SWE		GOLD
Ice Hockey: Ice Hockey Men	Kenny Jönsson	SWE		GOLD
Ice Hockey: Ice Hockey Men	Niklas Kronwall	SWE		GOLD
Ice Hockey: Ice Hockey Men	Nicklas Lidström	SWE		GOLD
Ice Hockey: Ice Hockey Men	Stefan Liv	SWE		GOLD
Ice Hockey: Ice Hockey Men	Henrik Lundqvist	SWE		GOLD
Ice Hockey: Ice Hockey Men	Fredrik Modin	SWE		GOLD
Ice Hockey: Ice Hockey Men	Mattias Öhlund	SWE		GOLD
Ice Hockey: Ice Hockey Men	Samuel Påhlsson	SWE		GOLD
Ice Hockey: Ice Hockey Men	Mikael Samuelsson	SWE		GOLD
Ice Hockey: Ice Hockey Men	Daniel Sedin	SWE		GOLD
Ice Hockey: Ice Hockey Men	Henrik Sedin	SWE		GOLD
Ice Hockey: Ice Hockey Men	Mats Sundin	SWE		GOLD
Ice Hockey: Ice Hockey Men	Ronnie Sundin	SWE		GOLD
Ice Hockey: Ice Hockey Men	Mikael Tellqvist	SWE		GOLD
Ice Hockey: Ice Hockey Men	Daniel Tjärnqvist	SWE		GOLD
Ice Hockey: Ice Hockey Men	Henrik Zetterberg	SWE		GOLD
Ice Hockey: Ice Hockey Men	Kimmo Timonen	FIN		SILVER
Ice Hockey: Ice Hockey Men	Jarkko Ruutu	FIN		SILVER
Ice Hockey: Ice Hockey Men	Sami Salo	FIN		SILVER
Ice Hockey: Ice Hockey Men	Jere Lehtinen	FIN		SILVER
Ice Hockey: Ice Hockey Men	Ville Peltonen	FIN		SILVER
Ice Hockey: Ice Hockey Men	Antti-Jussi Niemi	FIN		SILVER
Ice Hockey: Ice Hockey Men	Ville Nieminen	FIN		SILVER
Ice Hockey: Ice Hockey Men	Antero Niittymäki	FIN		SILVER
Ice Hockey: Ice Hockey Men	Fredrik Norrena	FIN		SILVER
Ice Hockey: Ice Hockey Men	Petteri Nummelin	FIN		SILVER
Ice Hockey: Ice Hockey Men	Teppo Numminen	FIN		SILVER
Ice Hockey: Ice Hockey Men	Toni Lydman	FIN		SILVER
Ice Hockey: Ice Hockey Men	Lasse Kukkonen	FIN		SILVER
Ice Hockey: Ice Hockey Men	Antti Laaksonen	FIN		SILVER
Ice Hockey: Ice Hockey Men	Niko Kapanen	FIN		SILVER
Ice Hockey: Ice Hockey Men	Mikko Koivu	FIN		SILVER
Ice Hockey: Ice Hockey Men	Saku Koivu	FIN		SILVER
Ice Hockey: Ice Hockey Men	Jukka Hentunen	FIN		SILVER
Ice Hockey: Ice Hockey Men	Jussi Jokinen	FIN		SILVER
Ice Hockey: Ice Hockey Men	Olli Jokinen	FIN		SILVER
Ice Hockey: Ice Hockey Men	Niklas Hagman	FIN		SILVER
Ice Hockey: Ice Hockey Men	Niklas Backstrom	FIN		SILVER
Ice Hockey: Ice Hockey Men	Aki-Petteri Berg	FIN		SILVER
Ice Hockey: Ice Hockey Men	Petr Cajanek	CZR		BRONZE
Ice Hockey: Ice Hockey Men	Jan Bulis	CZR		BRONZE
Ice Hockey: Ice Hockey Men	Dominik Hasek	CZR		BRONZE
Ice Hockey: Ice Hockey Men	Milan Hejduk	CZR		BRONZE
Ice Hockey: Ice Hockey Men	Ales Hemsky	CZR		BRONZE
Ice Hockey: Ice Hockey Men	Patrik Elias	CZR		BRONZE
Ice Hockey: Ice Hockey Men	Martin Erat	CZR		BRONZE
Ice Hockey: Ice Hockey Men	Jaromir Jagr	CZR		BRONZE
Ice Hockey: Ice Hockey Men	Milan Hnilicka	CZR		BRONZE
Ice Hockey: Ice Hockey Men	Frantisek Kaberle	CZR		BRONZE
Ice Hockey: Ice Hockey Men	Tomas Kaberle	CZR		BRONZE
Ice Hockey: Ice Hockey Men	Ales Kotalik	CZR		BRONZE
Ice Hockey: Ice Hockey Men	Filip Kuba	CZR		BRONZE
Ice Hockey: Ice Hockey Men	Pavel Kubina	CZR		BRONZE
Ice Hockey: Ice Hockey Men	Robert Lang	CZR		BRONZE
Ice Hockey: Ice Hockey Men	Marek Malik	CZR		BRONZE
Ice Hockey: Ice Hockey Men	Rostislav Olesz	CZR		BRONZE
Ice Hockey: Ice Hockey Men	Vaclav Prospal	CZR		BRONZE
Ice Hockey: Ice Hockey Men	Martin Rucinsky	CZR		BRONZE
Ice Hockey: Ice Hockey Men	Dusan Salficky	CZR		BRONZE
Ice Hockey: Ice Hockey Men	Marek Zidlicky	CZR		BRONZE
Ice Hockey: Ice Hockey Men	Tomas Vokoun	CZR		BRONZE
Ice Hockey: Ice Hockey Men	David Vyborny	CZR		BRONZE
Ice Hockey: Ice Hockey Men	Jaroslav Spacek	CZR		BRONZE
Ice Hockey: Ice Hockey Men	Martin Straka	CZR		BRONZE
Ice Hockey: Ice Hockey Women	Colleen Sostorics	CAN		GOLD
Ice Hockey: Ice Hockey Women	Vicky Sunohara	CAN		GOLD
Ice Hockey: Ice Hockey Women	Sarah Vaillancourt	CAN		GOLD
Ice Hockey: Ice Hockey Women	Katie Weatherston	CAN		GOLD
Ice Hockey: Ice Hockey Women	Hayley Wickenheiser	CAN		GOLD
Ice Hockey: Ice Hockey Women	Kim Saint Pierre	CAN		GOLD
Ice Hockey: Ice Hockey Women	Cheryl Pounder	CAN		GOLD
Ice Hockey: Ice Hockey Women	Caroline Ouellette	CAN		GOLD
Ice Hockey: Ice Hockey Women	Cherie Piper	CAN		GOLD
Ice Hockey: Ice Hockey Women	Gina Kingsbury	CAN		GOLD
Ice Hockey: Ice Hockey Women	Carla MacLeod	CAN		GOLD
Ice Hockey: Ice Hockey Women	Charline Labonte	CAN		GOLD
Ice Hockey: Ice Hockey Women	Becky Kellar	CAN		GOLD
Ice Hockey: Ice Hockey Women	Gillian Ferrari	CAN		GOLD
Ice Hockey: Ice Hockey Women	Danielle Goyette	CAN		GOLD
Ice Hockey: Ice Hockey Women	Jayna Hefford	CAN		GOLD
Ice Hockey: Ice Hockey Women	Meghan Agosta	CAN		GOLD
Ice Hockey: Ice Hockey Women	Cassie Campbell	CAN		GOLD
Ice Hockey: Ice Hockey Women	Jennifer Botterill	CAN		GOLD
Ice Hockey: Ice Hockey Women	Gillian Apps	CAN		GOLD
Ice Hockey: Ice Hockey Women	Jenni Asserholt	SWE		SILVER
Ice Hockey: Ice Hockey Women	Cecilia Andersson	SWE		SILVER
Ice Hockey: Ice Hockey Women	Gunilla Andersson	SWE		SILVER
Ice Hockey: Ice Hockey Women	Ann-Louise Edstrand	SWE		SILVER
Ice Hockey: Ice Hockey Women	Joa Elfsberg	SWE		SILVER
Ice Hockey: Ice Hockey Women	Emma Eliasson	SWE		SILVER
Ice Hockey: Ice Hockey Women	Erika Holst	SWE		SILVER
Ice Hockey: Ice Hockey Women	Nanna Jansson	SWE		SILVER
Ice Hockey: Ice Hockey Women	Kristina Lundberg	SWE		SILVER
Ice Hockey: Ice Hockey Women	Ylva Lindberg	SWE		SILVER
Ice Hockey: Ice Hockey Women	Jenny Lindqvist	SWE		SILVER
Ice Hockey: Ice Hockey Women	Emilie O’Konor	SWE		SILVER
Ice Hockey: Ice Hockey Women	Kim Martin	SWE		SILVER
Ice Hockey: Ice Hockey Women	Frida Nevalainen	SWE		SILVER
Ice Hockey: Ice Hockey Women	Maria Rooth	SWE		SILVER
Ice Hockey: Ice Hockey Women	Danijela Rundqvist	SWE		SILVER
Ice Hockey: Ice Hockey Women	Therese Sjolander	SWE		SILVER
Ice Hockey: Ice Hockey Women	Pernilla Winberg	SWE		SILVER
Ice Hockey: Ice Hockey Women	Anna Vikman	SWE		SILVER
Ice Hockey: Ice Hockey Women	Katarina Timglas	SWE		SILVER
Ice Hockey: Ice Hockey Women	Kelly Stephens	USA		BRONZE
Ice Hockey: Ice Hockey Women	Lindsay Wall	USA		BRONZE
Ice Hockey: Ice Hockey Women	Krissy Wendell	USA		BRONZE
Ice Hockey: Ice Hockey Women	Angela Ruggiero	USA		BRONZE
Ice Hockey: Ice Hockey Women	Helen Resor	USA		BRONZE
Ice Hockey: Ice Hockey Women	Jenny Potter	USA		BRONZE
Ice Hockey: Ice Hockey Women	Sarah Parsons	USA		BRONZE
Ice Hockey: Ice Hockey Women	Kathleen Kauth	USA		BRONZE
Ice Hockey: Ice Hockey Women	Kim Insalaco	USA		BRONZE
Ice Hockey: Ice Hockey Women	Courtney Kennedy	USA		BRONZE
Ice Hockey: Ice Hockey Women	Katie King	USA		BRONZE
Ice Hockey: Ice Hockey Women	Kristin King	USA		BRONZE
Ice Hockey: Ice Hockey Women	Caitlin Cahow	USA		BRONZE
Ice Hockey: Ice Hockey Women	Julie Chu	USA		BRONZE
Ice Hockey: Ice Hockey Women	Natalie Darwitz	USA		BRONZE
Ice Hockey: Ice Hockey Women	Pam Dreyer	USA		BRONZE
Ice Hockey: Ice Hockey Women	Tricia Dunn	USA		BRONZE
Ice Hockey: Ice Hockey Women	Chanda Gunn	USA		BRONZE
Ice Hockey: Ice Hockey Women	Jamie Hagerman	USA		BRONZE
Ice Hockey: Ice Hockey Women	Molly Engstrom	USA		BRONZE
Lugeing: Singles Men	Armin Zöggeler	ITA	03:26.1	GOLD
Lugeing: Singles Men	Albert Demtschenko	RUS	03:26.2	SILVER
Lugeing: Singles Men	Martins Rubenis	LAT	03:26.4	BRONZE
Lugeing: 2-Seater Men	Andreas Linger	AUT	01:34.5	GOLD
Lugeing: 2-Seater Men	Wolfgang Linger	AUT	01:34.5	GOLD
Lugeing: 2-Seater Men	André Florschütz	GER	01:34.8	SILVER
Lugeing: 2-Seater Men	Torsten Wustlich	GER	01:34.8	SILVER
Lugeing: 2-Seater Men	Gerhard Plankensteiner	ITA	01:34.9	BRONZE
Lugeing: 2-Seater Men	Oswald Haselrieder	ITA	01:34.9	BRONZE
Lugeing: Singles Women	Sylke Otto	GER	03:08.0	GOLD
Lugeing: Singles Women	Silke Kraushaar	GER	03:08.1	SILVER
Lugeing: Singles Women	Tatjana Hüfner	GER	03:08.5	BRONZE
Lugeing: Skeleton Men	Duff Gibson	CAN	01:55.9	GOLD
Lugeing: Skeleton Men	Jeff Pain	CAN	01:56.1	SILVER
Lugeing: Skeleton Men	Gregor Stähli	SUI	01:56.8	BRONZE
Lugeing: Skeleton Women	Maya Pedersen	SUI	01:59.8	GOLD
Lugeing: Skeleton Women	Shelley Rudman	GBR	02:01.1	SILVER
Lugeing: Skeleton Women	Mellisa Hollingsworth-Richards	CAN	02:01.4	BRONZE
Nordic Skiing: 15km Cross-Country Classical Men	Eugeni Dementiev	RUS		GOLD
Nordic Skiing: 15km Cross-Country Classical Men	Lukas Bauer	CZR	38:15.8	SILVER
Nordic Skiing: 15km Cross-Country Classical Men	Tobias Angerer	GER	38:20.5	BRONZE
Nordic Skiing: 2x15km Cross-country Combined Pursuit Men	Andrus Veerpalu	EST		GOLD
Nordic Skiing: 2x15km Cross-country Combined Pursuit Men	Frode Estil	NOR	17:01.4	SILVER
Nordic Skiing: 2x15km Cross-country Combined Pursuit Men	Pietro Piller Cottrer	ITA	17:01.7	BRONZE
Nordic Skiing: 50km Cross-country Freestyle Men	Giorgio di Centa	ITA	06:11.8	GOLD
Nordic Skiing: 50km Cross-country Freestyle Men	Eugeni Dementiev	RUS	06:12.6	SILVER
Nordic Skiing: 50km Cross-country Freestyle Men	Mikhail Botvinov	AUT	06:12.7	BRONZE
Nordic Skiing: 4x10km Cross-country Relay Men	Giorgio di Centa	ITA	43:45.7	GOLD
Nordic Skiing: 4x10km Cross-country Relay Men	Pietro Piller Cottrer	ITA	43:45.7	GOLD
Nordic Skiing: 4x10km Cross-country Relay Men	Fulvio Valbusa	ITA	43:45.7	GOLD
Nordic Skiing: 4x10km Cross-country Relay Men	Cristian Zorzi	ITA	43:45.7	GOLD
Nordic Skiing: 4x10km Cross-country Relay Men	Rene Sommerfeldt	GER	44:01.4	SILVER
Nordic Skiing: 4x10km Cross-country Relay Men	Andreas Schlütter	GER	44:01.4	SILVER
Nordic Skiing: 4x10km Cross-country Relay Men	Jens Filbrich	GER	44:01.4	SILVER
Nordic Skiing: 4x10km Cross-country Relay Men	Tobias Angerer	GER	44:01.4	SILVER
Nordic Skiing: 4x10km Cross-country Relay Men	Mathias Fredriksson	SWE	44:01.7	BRONZE
Nordic Skiing: 4x10km Cross-country Relay Men	Johan Olsson	SWE	44:01.7	BRONZE
Nordic Skiing: 4x10km Cross-country Relay Men	Mats Larsson	SWE	44:01.7	BRONZE
Nordic Skiing: 4x10km Cross-country Relay Men	Anders Sødergren	SWE	44:01.7	BRONZE
Nordic Skiing: 1.35km Sprint Men	Bjørn Lind	SWE	02:26.5	GOLD
Nordic Skiing: 1.35km Sprint Men	Roddy Darragon	FRA	02:27.1	SILVER
Nordic Skiing: 1.35km Sprint Men	Thobias Fredriksson	SWE	02:27.8	BRONZE
Nordic Skiing: Cross-country Team Sprint Men	Thobias Fredriksson	SWE	17:02.9	GOLD
Nordic Skiing: Cross-country Team Sprint Men	Bjørn Lind	SWE	17:02.9	GOLD
Nordic Skiing: Cross-country Team Sprint Men	Tor Arne Hetland	NOR	17:03.5	SILVER
Nordic Skiing: Cross-country Team Sprint Men	Jens Arne Svartedal	NOR	17:03.5	SILVER
Nordic Skiing: Cross-country Team Sprint Men	Vassili Rotchev	RUS	17:05.2	BRONZE
Nordic Skiing: Cross-country Team Sprint Men	Ivan Alypov	RUS	17:05.2	BRONZE
Nordic Skiing: Ski Jump 90m	Lars Bystøl	NOR	266.5	GOLD
Nordic Skiing: Ski Jump 90m	Matti Hautamäki	FIN	265.5	SILVER
Nordic Skiing: Ski Jump 90m	Roar Ljøkelsøy	NOR	264.5	BRONZE
Nordic Skiing: Ski Jump 120m	Thomas Morgenstern	AUT	276.9	GOLD
Nordic Skiing: Ski Jump 120m	Andreas Kofler	AUT	276.8	SILVER
Nordic Skiing: Ski Jump 120m	Lars Bystøl	NOR	250.7	BRONZE
Nordic Skiing: Ski Jump Team	Martin Koch	AUT	984	GOLD
Nordic Skiing: Ski Jump Team	Andreas Kofler	AUT	984	GOLD
Nordic Skiing: Ski Jump Team	Thomas Morgenstern	AUT	984	GOLD
Nordic Skiing: Ski Jump Team	Andreas Widhölzl	AUT	984	GOLD
Nordic Skiing: Ski Jump Team	Tami Kiuru	FIN	976.6	SILVER
Nordic Skiing: Ski Jump Team	Janne Ahonen	FIN	976.6	SILVER
Nordic Skiing: Ski Jump Team	Janne Happonen	FIN	976.6	SILVER
Nordic Skiing: Ski Jump Team	Matti Hautamäki	FIN	976.6	SILVER
Nordic Skiing: Ski Jump Team	Lars Bystøl	NOR	950.1	BRONZE
Nordic Skiing: Ski Jump Team	Tommy Ingebrigtsen	NOR	950.1	BRONZE
Nordic Skiing: Ski Jump Team	Roar Ljøkelsøy	NOR	950.1	BRONZE
Nordic Skiing: Ski Jump Team	Bjørn Einar Romøren	NOR	950.1	BRONZE
Nordic Skiing: Nordic Combined, Individual	Georg Hettich	GER		GOLD
Nordic Skiing: Nordic Combined, Individual	Felix Gottwald	AUT	+9.8 sec	SILVER
Nordic Skiing: Nordic Combined, Individual	Magnus Moan	NOR	+16.2 sec	BRONZE
Nordic Skiing: Nordic Combined, Team	Felix Gottwald	AUT		GOLD
Nordic Skiing: Nordic Combined, Team	Michael Gruber	AUT		GOLD
Nordic Skiing: Nordic Combined, Team	Christoph Bieler	AUT		GOLD
Nordic Skiing: Nordic Combined, Team	Mario Stecher	AUT		GOLD
Nordic Skiing: Nordic Combined, Team	Ronny Ackermann	GER		SILVER
Nordic Skiing: Nordic Combined, Team	Jens Gaiser	GER		SILVER
Nordic Skiing: Nordic Combined, Team	Björn Kircheisen	GER		SILVER
Nordic Skiing: Nordic Combined, Team	Georg Hettich	GER		SILVER
Nordic Skiing: Nordic Combined, Team	Anssi Koivuranta	FIN		BRONZE
Nordic Skiing: Nordic Combined, Team	Antti Kuisma	FIN		BRONZE
Nordic Skiing: Nordic Combined, Team	Hannu Manninen	FIN		BRONZE
Nordic Skiing: Nordic Combined, Team	Jaako Tallus	FIN		BRONZE
Nordic Skiing: Nordic Combined, Sprint	Felix Gottwald	AUT		GOLD
Nordic Skiing: Nordic Combined, Sprint	Magnus Moan	NOR	+5.4 sec	SILVER
Nordic Skiing: Nordic Combined, Sprint	Georg Hettich	GER	+6.6 sec	BRONZE
Nordic Skiing: Cross-country Team Sprint Women	Lina Andersson	SWE	16:36.9	GOLD
Nordic Skiing: Cross-country Team Sprint Women	Anna Dahlberg	SWE	16:36.9	GOLD
Nordic Skiing: Cross-country Team Sprint Women	Sara Renner	CAN	16:37.5	SILVER
Nordic Skiing: Cross-country Team Sprint Women	Beckie Scott	CAN	16:37.5	SILVER
Nordic Skiing: Cross-country Team Sprint Women	Aino-Kaisa Saarinen	FIN	16:39.2	BRONZE
Nordic Skiing: Cross-country Team Sprint Women	Virpi Kuitunen	FIN	16:39.2	BRONZE
Nordic Skiing: 10km Cross-Country Classical Women	Kristina Smigun	EST	27:51.4	GOLD
Nordic Skiing: 10km Cross-Country Classical Women	Marit Björgen	NOR	28:12.7	SILVER
Nordic Skiing: 10km Cross-Country Classical Women	Hilde Pedersen	NOR	28:14.0	BRONZE
Nordic Skiing: 2x7.5km Cross-country Combined Pursuit Women	Kristina Smigun	EST	42:48.7	GOLD
Nordic Skiing: 2x7.5km Cross-country Combined Pursuit Women	Katerina Neumannová	CZR	42:50.6	SILVER
Nordic Skiing: 2x7.5km Cross-country Combined Pursuit Women	Yevgenia Medvedeva-Abruzova	RUS	43:03.2	BRONZE
Nordic Skiing: 30km Cross-country Freestyle Women	Katerina Neumannová	CZR	22:25.4	GOLD
Nordic Skiing: 30km Cross-country Freestyle Women	Julija Tchepalova	RUS	22:26.8	SILVER
Nordic Skiing: 30km Cross-country Freestyle Women	Justyna Kowalczyk	POL	22:27.5	BRONZE
Nordic Skiing: 4x5km Cross-country Relay Women	Larisa Kurkina	RUS	54:47.7	GOLD
Nordic Skiing: 4x5km Cross-country Relay Women	Evgenia Medvedeva-Abruzova	RUS	54:47.7	GOLD
Nordic Skiing: 4x5km Cross-country Relay Women	Natalia Baranova-Masolkina	RUS	54:47.7	GOLD
Nordic Skiing: 4x5km Cross-country Relay Women	Julija Tchepalova	RUS	54:47.7	GOLD
Nordic Skiing: 4x5km Cross-country Relay Women	Evi Sachenbacher	GER	54:57.7	SILVER
Nordic Skiing: 4x5km Cross-country Relay Women	Viola Bauer	GER	54:57.7	SILVER
Nordic Skiing: 4x5km Cross-country Relay Women	Stefanie Böhler	GER	54:57.7	SILVER
Nordic Skiing: 4x5km Cross-country Relay Women	Claudia Künzel	GER	54:57.7	SILVER
Nordic Skiing: 4x5km Cross-country Relay Women	Gabriella Paruzzi	ITA	54:58.7	BRONZE
Nordic Skiing: 4x5km Cross-country Relay Women	Antonella Confortola	ITA	54:58.7	BRONZE
Nordic Skiing: 4x5km Cross-country Relay Women	Arianna Follis	ITA	54:58.7	BRONZE
Nordic Skiing: 4x5km Cross-country Relay Women	Sabina Valbusa	ITA	54:58.7	BRONZE
Nordic Skiing: 1.1km Sprint Women	Chandra Crawford	CAN	02:12.3	GOLD
Nordic Skiing: 1.1km Sprint Women	Claudia Künzel	GER	02:13.0	SILVER
Nordic Skiing: 1.1km Sprint Women	Alena Sidko	RUS	02:13.2	BRONZE
Speed Skating: 500m Men	Apolo Anton Ohno	USA	69.76	GOLD
Speed Skating: 500m Men	Francois-Louis Tremblay	RUS	70.41	SILVER
Speed Skating: 500m Men	Ahn Hyun-Soo	KOR	70.43	BRONZE
Speed Skating: 1000m Men	Shani Davis	USA	01:08.9	GOLD
Speed Skating: 1000m Men	Joey Cheek	USA	01:09.2	SILVER
Speed Skating: 1000m Men	Erben Wennemars	NED	01:09.3	BRONZE
Speed Skating: 1500m Men	Enrico Fabris	ITA	01:46.0	GOLD
Speed Skating: 1500m Men	Shani Davis	USA	01:46.1	SILVER
Speed Skating: 1500m Men	Chad Hedrick	USA	01:46.2	BRONZE
Speed Skating: 5000m Men	Chad Hedrick	USA	06:14.7	GOLD
Speed Skating: 5000m Men	Sven Kramer	NED	06:16.4	SILVER
Speed Skating: 5000m Men	Enrico Fabris	ITA	06:18.2	BRONZE
Speed Skating: 10000m Men	Bob de Jong	NED	13:01.6	GOLD
Speed Skating: 10000m Men	Chad Hedrick	USA	13:05.4	SILVER
Speed Skating: 10000m Men	Carl Verheijen	NED	13:08.8	BRONZE
Speed Skating: Team Pursuit Men	Ippolito Sanfratello	ITA	03:44.0	GOLD
Speed Skating: Team Pursuit Men	Stefano Donagrandi	ITA	03:44.0	GOLD
Speed Skating: Team Pursuit Men	Enrico Fabris	ITA	03:44.0	GOLD
Speed Skating: Team Pursuit Men	Matteo Anesi	ITA	03:44.0	GOLD
Speed Skating: Team Pursuit Men	Steven Elm	CAN	03:47.3	SILVER
Speed Skating: Team Pursuit Men	Arne Dankers	CAN	03:47.3	SILVER
Speed Skating: Team Pursuit Men	Jason Parker	CAN	03:47.3	SILVER
Speed Skating: Team Pursuit Men	Denny Morrison	CAN	03:47.3	SILVER
Speed Skating: Team Pursuit Men	Justin Warsylewicz	CAN	03:47.3	SILVER
Speed Skating: Team Pursuit Men	Erben Wennemars	NED	03:44.5	BRONZE
Speed Skating: Team Pursuit Men	Rintje Ritsma	NED	03:44.5	BRONZE
Speed Skating: Team Pursuit Men	Carl Verheijen	NED	03:44.5	BRONZE
Speed Skating: Team Pursuit Men	Mark Tuitert	NED	03:44.5	BRONZE
Speed Skating: Team Pursuit Men	Sven Kramer	NED	03:44.5	BRONZE
Speed Skating: 500m Women	Svetlana Zhurova	RUS	76.57	GOLD
Speed Skating: 500m Women	Wang Manli	CHN	76.78	SILVER
Speed Skating: 500m Women	Ren Hui	CHN	76.87	BRONZE
Speed Skating: 1000m Women	Marianne Timmer	NED	01:16.1	GOLD
Speed Skating: 1000m Women	Cindy Klassen	CAN	01:16.1	SILVER
Speed Skating: 1000m Women	Anna Friesinger	GER	01:16.1	BRONZE
Speed Skating: 1500m Women	Cindy Klassen	CAN	01:55.3	GOLD
Speed Skating: 1500m Women	Kristina Groves	CAN	01:56.7	SILVER
Speed Skating: 1500m Women	Ireen Wüst	NED	01:56.9	BRONZE
Speed Skating: 3000m Women	Ireen Wüst	NED	04:02.4	GOLD
Speed Skating: 3000m Women	Renate Groenevold	NED	04:03.5	SILVER
Speed Skating: 3000m Women	Cindy Klassen	CAN	04:04.4	BRONZE
Speed Skating: 5000m Women	Clara Hughes	CAN	06:59.1	GOLD
Speed Skating: 5000m Women	Claudia Pechstein	GER	07:00.1	SILVER
Speed Skating: 5000m Women	Cindy Klassen	CAN	07:00.6	BRONZE
Speed Skating: Team Pursuit Women	Claudia Pechstein	GER	03:01.3	GOLD
Speed Skating: Team Pursuit Women	Anna Friesinger	GER	03:01.3	GOLD
Speed Skating: Team Pursuit Women	Daniela Anschütz-Thoms	GER	03:01.3	GOLD
Speed Skating: Team Pursuit Women	Sabine Völker	GER	03:01.3	GOLD
Speed Skating: Team Pursuit Women	Lucille Opitz	GER	03:01.3	GOLD
Speed Skating: Team Pursuit Women	Shannon Rempel	CAN	03:02.9	SILVER
Speed Skating: Team Pursuit Women	Kristina Groves	CAN	03:02.9	SILVER
Speed Skating: Team Pursuit Women	Clara Hughes	CAN	03:02.9	SILVER
Speed Skating: Team Pursuit Women	Christine Nesbitt	CAN	03:02.9	SILVER
Speed Skating: Team Pursuit Women	Cindy Klassen	CAN	03:02.9	SILVER
Speed Skating: Team Pursuit Women	Galina Likhachova	RUS		BRONZE
Speed Skating: Team Pursuit Women	Yekaterina Lobysheva	RUS		BRONZE
Speed Skating: Team Pursuit Women	Yekaterina Abramova	RUS		BRONZE
Speed Skating: Team Pursuit Women	Varvara Barysheva	RUS		BRONZE
Speed Skating: Team Pursuit Women	Svetlana Vysokova	RUS		BRONZE
Speed Skating: 500m Short Track Men	Apolo Anton Ohno	USA	41.935	GOLD
Speed Skating: 500m Short Track Men	Francois-Louis Tremblay	CAN	42.002	SILVER
Speed Skating: 500m Short Track Men	Ahn Hyun-Soo	KOR	42.089	BRONZE
Speed Skating: 1000m Short Track Men	Ahn Hyun-Soo	KOR	01:26.7	GOLD
Speed Skating: 1000m Short Track Men	Lee Ho-Suk	KOR	01:26.8	SILVER
Speed Skating: 1000m Short Track Men	Apolo Anton Ohno	USA	01:26.9	BRONZE
Speed Skating: 5000m Short Track Relay Men	Ahn Hyun-Soo	KOR	06:43.4	GOLD
Speed Skating: 5000m Short Track Relay Men	Seo Ho-Jin	KOR	06:43.4	GOLD
Speed Skating: 5000m Short Track Relay Men	Lee Ho-Suk	KOR	06:43.4	GOLD
Speed Skating: 5000m Short Track Relay Men	Song Suk-Woo	KOR	06:43.4	GOLD
Speed Skating: 5000m Short Track Relay Men	Francois-Louis Tremblay	CAN	06:43.7	SILVER
Speed Skating: 5000m Short Track Relay Men	Mathieu Turcotte	CAN	06:43.7	SILVER
Speed Skating: 5000m Short Track Relay Men	Charles Hamelin	CAN	06:43.7	SILVER
Speed Skating: 5000m Short Track Relay Men	Éric Bédard	CAN	06:43.7	SILVER
Speed Skating: 5000m Short Track Relay Men	Alex Izykowski	USA	06:48.0	BRONZE
Speed Skating: 5000m Short Track Relay Men	J.P. Kepka	USA	06:48.0	BRONZE
Speed Skating: 5000m Short Track Relay Men	Apolo Anton Ohno	USA	06:48.0	BRONZE
Speed Skating: 5000m Short Track Relay Men	Rusty Smith	USA	06:48.0	BRONZE
Speed Skating: 1500m Short Track Men	Ahn Hyun-Soo	KOR	02:25.3	GOLD
Speed Skating: 1500m Short Track Men	Lee Ho-Suk	KOR	02:25.6	SILVER
Speed Skating: 1500m Short Track Men	Jiajun Li	CHN	02:26.0	BRONZE
Speed Skating: 500m Short Track Women	Wang Meng	CHN	44.345	GOLD
Speed Skating: 500m Short Track Women	Evgenia Radanova	BUL	44.374	SILVER
Speed Skating: 500m Short Track Women	Anouk Leblanc-Boucher	CAN	44.759	BRONZE
Speed Skating: 1000m Short Track Women	Jin Sun-Yu	KOR	01:32.9	GOLD
Speed Skating: 1000m Short Track Women	Wang Meng	CHN	01:33.1	SILVER
Speed Skating: 1000m Short Track Women	Yang (A) Yang	CHN	01:33.9	BRONZE
Speed Skating: 3000m Short Track Relay Women	Jin Sun-Yu	KOR	04:17.0	GOLD
Speed Skating: 3000m Short Track Relay Women	Eun-Kyung Choi	KOR	04:17.0	GOLD
Speed Skating: 3000m Short Track Relay Women	Byun Chun-Sa	KOR	04:17.0	GOLD
Speed Skating: 3000m Short Track Relay Women	Jeon Da-Hye	KOR	04:17.0	GOLD
Speed Skating: 3000m Short Track Relay Women	Alanna Kraus	CAN	04:17.3	SILVER
Speed Skating: 3000m Short Track Relay Women	Anouk Leblanc-Boucher	CAN	04:17.3	SILVER
Speed Skating: 3000m Short Track Relay Women	Kalyna Roberge	CAN	04:17.3	SILVER
Speed Skating: 3000m Short Track Relay Women	Katia Zini	ITA	04:20.0	BRONZE
Speed Skating: 3000m Short Track Relay Women	Mara Zini	ITA	04:20.0	BRONZE
Speed Skating: 3000m Short Track Relay Women	Marta Capurso	ITA	04:20.0	BRONZE
Speed Skating: 3000m Short Track Relay Women	Arianna Fontana	ITA	04:20.0	BRONZE
Speed Skating: 1500m Short Track Women	Jin Sun-Yu	KOR	02:23.5	GOLD
Speed Skating: 1500m Short Track Women	Eun-Kyung Choi	KOR	02:24.1	SILVER
Speed Skating: 1500m Short Track Women	Wang Meng	CHN	02:24.5	BRONZE
